{"cameraMode":{"drawMode":0,"name":"Shaded","section":"Shading Mode"},"sceneLighting":true,"audioPlay":false,"sceneViewState":{"showFog":true,"showMaterialUpdate":true,"showSkybox":true,"showFlares":true,"showImageEffects":true,"showParticleSystems":true},"in2DMode":false,"pivot":{"x":-5.015261173248291,"y":-1.9379478693008423,"z":4.813665866851807},"rotation":{"x":0.13673363626003266,"y":-0.30040809512138369,"z":0.04356056824326515,"w":0.9429535865783691},"size":23.334524154663087,"orthographic":false}