{"cameraMode":{"drawMode":0,"name":"Shaded","section":"Shading Mode"},"sceneLighting":true,"audioPlay":false,"sceneViewState":{"showFog":true,"showMaterialUpdate":true,"showSkybox":true,"showFlares":true,"showImageEffects":true,"showParticleSystems":true},"in2DMode":false,"pivot":{"x":0.37783148884773257,"y":1.913672685623169,"z":-2.4444947242736818},"rotation":{"x":-0.3070010840892792,"y":0.03909694030880928,"z":-0.012623622082173825,"w":-0.9508219957351685},"size":2.8578836917877199,"orthographic":false}