{"cameraMode":{"drawMode":0,"name":"Shaded","section":"Shading Mode"},"sceneLighting":true,"audioPlay":false,"sceneViewState":{"showFog":true,"showMaterialUpdate":true,"showSkybox":true,"showFlares":true,"showImageEffects":true,"showParticleSystems":true},"in2DMode":false,"pivot":{"x":490.0261535644531,"y":331.68939208984377,"z":-56.60114669799805},"rotation":{"x":0.024223055690526964,"y":-0.6786424517631531,"z":0.022404199466109277,"w":0.7337272763252258},"size":268.6005554199219,"orthographic":false}